{
    "posts": [
      {
        "id": "1",
        "title": "Post 1",
        "author": "John "
      },
      {
        "id": "2",
        "title": "Post 2",
        "author": "Jane Smith"
      }
    ],
    "user": [
      {
        "profile": "randomImageUrl",
        "firstName": "Nayan",
        "lastName": "Kharat",
        "email": "nayan@gmail.com",
        "telephone": 9021644095,
        "age": 25,
        "homeAddress": "sundarnagar",
        "companyAddress": "pakistan",
        "state": "Maharashtra",
        "country": "India",
        "tags": "Lay shana",
        "id": "63ab"
      }
    
    
    ]
  }